[
  {
    "title": "Retail Sales Training Fundamentals",
    "type": "article",
    "url": "https://www.retaildoc.com/blog/retail-sales-training",
    "description": "Comprehensive guide to retail sales training techniques and best practices",
    "keyTakeaways": [
      "Building customer relationships",
      "Effective communication skills",
      "Product knowledge importance"
    ],
    "duration": "10 min read",
    "discussionQuestions": [
      "How can we improve customer engagement?",
      "What are the key elements of successful sales training?"
    ],
    "practicalApplications": [
      "Role-playing customer interactions",
      "Developing product expertise"
    ]
  }
]